{"tfjsVersion":"1.7.4","tmVersion":"2.4.10","packageVersion":"0.8.4-alpha2","packageName":"@teachablemachine/image","timeStamp":"2026-01-08T21:21:51.712Z","userMetadata":{},"modelName":"Model Snack Tekno ","labels":["Chitato","lays","Coco Crunch","nestle honey star","guribee","potabee","kusuka ","taro net","chimi keripik ubi","Qtela","doritos nacho","cheetos crunchy","pringles","oreo","snickers bar","kitkat","m&m milk ","roti","hotdog","Onigiri","permen","yogurt","biscoff cookies","milk (susu)"],"imageSize":224}