{"tfjsVersion":"1.7.4","tmVersion":"2.4.10","packageVersion":"0.8.4-alpha2","packageName":"@teachablemachine/image","timeStamp":"2026-01-08T20:45:30.313Z","userMetadata":{},"modelName":"Model Makanan Tekno","labels":["Pisang","Pepaya","Semangka","Nanas","Mangga","Jeruk","Kopi","Apel","Alpukat","Melon","Anggur","Strawberry","Buah Pir","Buah Kiwi","Buah Bluberi","Buah Lemon","Jambu Biji","Kelengkeng","Buah Rambutan","Buah Naga","Manggis","Kismis","Duren","Kurma","Buah Tin","Delima","Ceri","Rapsberry","Blackberry","Persik","Buah Plum","Buah Aprikot","Nangka","Sawo","Salak","Kedondong"],"imageSize":224}